Name,Team,Age,K/BB,SIERA,xFIP,FBv,WAR,playerid
Evan Phillips,LAD,27,5.13,2.34,2.72,96.1,2.2,17734
Ryne Stanek,HOU,30,2,3.85,3.95,98.4,0.9,15947
Ryan Helsley,STL,27,4.7,2.02,2.6,99.7,2,18138
Edwin Diaz,NYM,28,6.56,1.11,1.04,99.1,3,14710
Emmanuel Clase,CLE,24,7.7,1.95,2.18,99.6,2.4,21032
Cionel Perez,BAL,26,2.62,3.48,3.56,96.9,1,19614
Anthony Bass,- - -,34,3.65,3.11,3.34,95.3,1.3,7982
Jason Adam,TBR,30,4.41,2.57,3.17,94.8,1.3,11861
Erik Swanson,SEA,28,6.9,2.15,2.68,93.7,1.7,16587
Daniel Bard,COL,37,2.76,3.17,3.3,98,1.8,7115
Alexis Diaz,CIN,25,2.52,3.29,3.97,95.7,1,21132
Jhoan Duran,MIN,24,5.56,1.96,2.11,100.9,1.5,21029
Devin Williams,MIL,27,3.2,2.43,2.36,94,2.2,15816
Bryan Abreu,HOU,25,3.38,2.56,2.69,97.2,1.4,16609
Matt Moore,TEX,33,2.18,3.69,3.87,94,1.3,1890
Brock Burke,TEX,25,3.75,3.05,3.49,95,0.9,17968
Adam Ottavino,NYM,36,4.94,2.45,2.79,94.4,1.1,1247
A.J. Minter,ATL,28,6.27,2.13,2.68,96.7,2.1,18655
Jordan Romano,TOR,29,3.48,3.02,3.44,96.9,1.6,16122
Dylan Lee,ATL,27,5.9,2.64,3.1,92.2,1.1,19996
Alex Vesia,LAD,26,3.29,2.68,3.03,94.2,1.5,25007
Scott Barlow,KCR,29,3.5,3.1,3.42,93.7,0.9,14993
Felix Bautista,BAL,27,3.83,2.49,2.77,99.2,1.4,20666
John Schreiber,BOS,28,3.89,2.71,3.01,94,1.7,20020
Michael King,NYY,27,4.13,2.44,2.42,95.9,1.7,19853
Sam Hentges,CLE,25,3.79,2.51,2.67,95.8,1.1,18548
Andre Pallante,STL,23,1.38,3.92,4,95.2,0,26108
Rafael Montero,HOU,31,3.17,3.05,3.22,96.3,1.5,12760
David Robertson,- - -,37,2.31,3.43,3.71,,0.7,8241
Jimmy Herget,LAA,28,4.07,3.27,3.54,90.6,1.5,17556
Erasmo Ramirez,WSN,32,4.58,3.67,3.85,93.2,0.6,10314
Raisel Iglesias,- - -,32,5.57,2.46,2.99,95,1.6,17130
Trevor Williams,NYM,30,3.67,3.21,3.61,91.1,0.7,16977
Andres Munoz,SEA,23,6.4,1.74,2.04,100.2,1.9,20373
Camilo Doval,SFG,24,2.67,3.07,3.04,99,1.2,21992
Jaime Barria,LAA,25,3.4,3.97,4.25,91.9,0.2,18356
Jorge Lopez,- - -,29,2.32,3.46,3.69,97.7,0.8,14527
Clay Holmes,NYY,29,3.25,2.28,2.9,97.1,1.1,13649
Collin McHugh,ATL,35,5.36,2.78,3.24,91.3,1.4,7531
Scott Effross,- - -,28,4.13,2.88,3.1,90.6,1.3,18384
David Bednar,PIT,27,4.31,2.53,2.83,96.5,1.5,19569
Chase De Jong,PIT,28,1.97,4.38,4.96,92.9,-0.2,15036
Nick Martinez,SDP,31,3.43,3.42,3.73,94.1,0.4,12730
Lucas Luetge,NYY,35,3.53,3.41,3.95,,0.9,8337
Paul Sewald,SEA,32,4.24,2.89,3.58,92.6,0.5,13892
Brooks Raley,TBR,34,4.07,2.92,3.28,90.7,0.9,10061
Trevor Stephan,CLE,26,4.56,2.55,2.81,96.6,1.7,19932
Wandy Peralta,NYY,30,2.76,3.51,3.61,95.5,1,14295
Carl Edwards Jr.,WSN,30,2.24,3.88,4.09,94.7,0.1,13607
Dylan Coleman,KCR,25,1.92,4.04,4.38,97.6,0.4,22276
Adam Cimber,TOR,31,4.46,3.53,3.87,86.5,0.9,15288
Liam Hendriks,CHW,33,5.31,2.14,2.64,97.6,1.6,3548
Andrew Chafin,DET,32,3.53,2.97,3.27,91.6,0.9,12988
Reynaldo Lopez,CHW,28,5.45,3.08,3.35,97.1,1.9,16400
Joe Mantiply,ARI,31,10.17,2.4,2.52,90.5,1.2,14857
Mark Leiter Jr.,CHC,31,3.44,2.89,3.19,91.1,0.7,15551
David Phelps,TOR,35,2.06,3.98,4.23,93.3,0.8,6316
Brad Boxberger,MIL,34,2.52,3.65,4.06,92.8,0.7,10133
Steven Okert,MIA,30,2.42,3.5,4.14,93.7,-0.1,13580
Seranthony Dominguez,PHI,27,2.77,3.15,3.26,98,1,19249
Dylan Floro,MIA,31,3.2,3.51,3.6,92.6,0.7,13394
Andrew Bellatti,PHI,30,3.17,2.86,3.36,94.4,1,10657
Enyel De Los Santos,CLE,26,3.59,2.98,3.17,95.3,1,18403
Giovanny Gallegos,STL,30,4.06,2.89,3.51,94.4,1.3,14986
Chris Martin,- - -,36,14.8,1.87,2.01,95.2,1.6,11847
Dillon Tate,BAL,28,3.75,3.09,3.4,94,0.5,17796
Tanner Banks,CHW,30,2.72,3.55,3.6,92.9,0.3,16990
Keegan Akin,BAL,27,3.84,3.21,3.35,93.6,0.4,19362
Penn Murfee,SEA,28,4.35,2.97,3.56,89,0.6,25174
Nabil Crismatt,SDP,27,3.21,3.32,3.44,90.5,0.7,17732
Yimi Garcia,TOR,31,3.63,3.43,4.09,94.7,0.9,12095
Steven Wilson,SDP,27,2.55,4.05,4.73,95.1,0.2,20353
A.J. Puk,OAK,27,3.3,3.15,3.67,96.6,0.3,19343
Brandon Hughes,CHC,26,3.24,3.14,3.78,93.2,-0.3,23460
Jose Alvarado,PHI,27,3.38,2.37,2.16,99.6,1.7,17780
Kendall Graveman,CHW,31,2.54,3.39,3.44,96.5,0.7,15514
Joel Payamps,- - -,28,2.56,3.86,4.07,94.7,0.2,14332
Eli Morgan,CLE,26,6.09,2.91,3.53,92.2,0.7,20203
Bryan Baker,BAL,27,2.88,3.33,3.48,96.3,1.2,19804
Gregory Soto,DET,27,1.76,4.21,4.59,98.4,0.6,19677
Matt Bush,- - -,36,4.25,2.72,3.27,97.3,0.1,1246
Domingo Acevedo,OAK,28,3.41,3.56,3.88,93,0,17092
Andres Machado,WSN,29,1.77,4.42,4.55,95.4,-0.1,14681
Griffin Jax,MIN,27,3.9,2.98,3.32,95.5,0.9,20253
Kenley Jansen,ATL,34,3.86,2.75,3.45,93.7,1.1,3096
Jackson Stephens,ATL,28,2.24,3.81,3.91,94.2,0.4,14420
Michael Fulmer,- - -,29,2.18,4.01,4.45,94.4,0.7,13218
Luis Garcia,SDP,35,4,2.85,3.11,98.7,1.6,6984
Alex Lange,DET,26,2.65,3.09,3.23,96.2,0.7,19883
Mychal Givens,- - -,32,2.84,3.27,3.65,93.5,0.2,10430
Carlos Estevez,COL,29,2.35,3.88,4.27,97.6,0.4,14542
Caleb Thielbar,MIN,35,4.44,2.59,3.07,92.9,1.6,10078
Joe Jimenez,DET,27,5.92,2.3,2.7,95.8,1.4,15761
Kyle Finnegan,WSN,30,3.18,3.16,3.22,97.1,0.6,15009
Jesse Chavez,- - -,38,3.7,3.13,3.23,91.1,0.7,5448
Tyler Rogers,SFG,31,2.13,3.93,4.12,83.3,0.6,15541
Seth Lugo,NYM,32,3.83,3.14,3.51,94.5,0.2,12447
Ryan Tepera,LAA,34,2.35,4,4.25,92.7,0.1,10291
John Brebbia,SFG,32,2.76,4.06,4.51,94.4,0.6,12777
Diego Castillo,SEA,28,2.41,3.67,3.85,95.3,0.3,17496
Caleb Smith,ARI,30,1.75,4.54,5.06,92,-0.5,14875
Hector Neris,HOU,33,4.65,2.7,3.29,94.4,1.6,11804
Hirokazu Sawamura,BOS,34,1.48,4.56,4.51,96,0,27515
Jarlin Garcia,SFG,29,3.11,3.78,4.25,93.9,-0.1,18282
Craig Kimbrel,LAD,34,2.57,3.44,4.04,95.8,0.9,6655
Hoby Milner,MIL,31,4.27,3.08,3.37,89,0.7,13346
Brent Suter,MIL,32,2.41,3.96,4.18,86.6,-0.2,13942
Will Vest,DET,27,3.05,3.29,3.36,95.2,0.6,19769
Aaron Loup,LAA,34,2.36,3.79,4.11,91.2,0.4,10343
Phil Maton,HOU,29,3.04,3.33,3.82,90.9,-0.1,18064
Jason Foley,DET,26,3.91,3.36,3.56,96.3,0.8,19531
Joey Krehbiel,BAL,29,2.5,4.04,4.34,94.5,-0.3,13707
Michael Rucker,CHC,28,2.5,3.81,4.09,94.7,0,19454
Will Smith,- - -,32,2.6,3.64,4.14,92.2,-0.1,8048
Colin Poche,TBR,28,2.91,3.49,4.05,93.3,-0.2,19403
John King,TEX,27,2.14,3.4,3.66,92.4,0,22051
Matthew Festa,SEA,29,3.56,2.97,3.47,92.6,-0.1,19330
Steve Cishek,WSN,36,2.74,3.45,4.16,89.6,-0.3,6483
Rowan Wick,CHC,29,2.38,3.68,3.7,94.9,0,14646
Chris Stratton,- - -,31,2.4,3.76,3.93,92.9,0.7,13761
Tanner Scott,MIA,27,1.96,3.74,3.53,96.9,0.4,17586
Duane Underwood Jr.,PIT,27,2.24,3.76,3.93,95.5,0.9,14677
Wil Crowe,PIT,27,1.76,4.22,4.32,94.7,0,19800
Emilio Pagan,MIN,31,3.23,2.95,3.26,95.7,-0.1,14771
Joely Rodriguez,NYM,30,2.19,3.54,3.46,92.8,0.4,11487
Lou Trivino,- - -,30,2.79,3.19,3.34,95.7,0.2,15043
Jose Ruiz,CHW,27,2.06,3.87,4.14,96.9,-0.1,14552
Austin Pruitt,OAK,32,4,3.85,4.19,91.5,-0.5,15290
Mark Melancon,ARI,37,1.67,4.62,4.63,91.2,0.1,4264
Phil Bickford,LAD,26,4.79,2.96,3.57,94.2,0.1,18519
Nick Nelson,PHI,26,1.88,4.22,4.51,96.3,0.9,20153
Taylor Rogers,- - -,31,4.42,2.64,3.26,94.3,1,13449
Shawn Armstrong,- - -,31,3.75,3.19,3.56,95.6,0.4,12857
Hunter Strickland,CIN,33,1.82,4.34,4.96,95,0,7836
Jake Diekman,- - -,35,1.88,3.93,4.33,95.6,-0.6,5003
Bryan Shaw,CLE,34,2.23,3.85,4.14,93.2,-0.4,8110
Josh Hader,- - -,28,3.86,2.38,2.94,97.5,0.8,14212
Noe Ramirez,ARI,32,1.96,4.07,4.44,89.8,-0.6,12800
Dennis Santana,TEX,26,1.96,4.04,4.21,96.9,0.6,17878
Ian Kennedy,ARI,37,2,4.57,5.06,93.4,-0.9,6986
Robert Stephenson,- - -,29,3.93,3.64,4.11,96.9,0.2,13594
Trevor Richards,TOR,29,2.21,3.66,4.14,93.5,0,19309
Ryan Brasier,BOS,34,4.92,3.12,3.49,96,0.5,5615
Joel Kuhnel,CIN,27,4,3.19,3.52,96.1,0.3,19995
