Name,Team,Pos,Age,K/BB,SIERA,xFIP,FBv,WAR
A.J. Minter,ATL,RP,28,6.27,2.13,2.68,96.7,2.1
A.J. Puk,OAK,RP,27,3.3,3.15,3.67,96.6,0.3
Aaron Loup,LAA,RP,34,2.36,3.79,4.11,91.2,0.4
Adam Cimber,TOR,RP,31,4.46,3.53,3.87,86.5,0.9
Adam Ottavino,NYM,RP,36,4.94,2.45,2.79,94.4,1.1
Alex Lange,DET,RP,26,2.65,3.09,3.23,96.2,0.7
Alex Vesia,LAD,RP,26,3.29,2.68,3.03,94.2,1.5
Alexis Diaz,CIN,RP,25,2.52,3.29,3.97,95.7,1
Andre Pallante,STL,RP,23,1.38,3.92,4,95.2,0
Andres Machado,WSN,RP,29,1.77,4.42,4.55,95.4,-0.1
Andres Munoz,SEA,RP,23,6.4,1.74,2.04,100.2,1.9
Andrew Bellatti,PHI,RP,30,3.17,2.86,3.36,94.4,1
Andrew Chafin,DET,RP,32,3.53,2.97,3.27,91.6,0.9
Anthony Bass,- - -,RP,34,3.65,3.11,3.34,95.3,1.3
Austin Pruitt,OAK,RP,32,4,3.85,4.19,91.5,-0.5
Brad Boxberger,MIL,RP,34,2.52,3.65,4.06,92.8,0.7
Brandon Hughes,CHC,RP,26,3.24,3.14,3.78,93.2,-0.3
Brent Suter,MIL,RP,32,2.41,3.96,4.18,86.6,-0.2
Brock Burke,TEX,RP,25,3.75,3.05,3.49,95,0.9
Brooks Raley,TBR,RP,34,4.07,2.92,3.28,90.7,0.9
Bryan Abreu,HOU,RP,25,3.38,2.56,2.69,97.2,1.4
Bryan Baker,BAL,RP,27,2.88,3.33,3.48,96.3,1.2
Bryan Shaw,CLE,RP,34,2.23,3.85,4.14,93.2,-0.4
Caleb Smith,ARI,RP,30,1.75,4.54,5.06,92,-0.5
Caleb Thielbar,MIN,RP,35,4.44,2.59,3.07,92.9,1.6
Camilo Doval,SFG,RP,24,2.67,3.07,3.04,99,1.2
Carl Edwards Jr.,WSN,RP,30,2.24,3.88,4.09,94.7,0.1
Carlos Estevez,COL,RP,29,2.35,3.88,4.27,97.6,0.4
Chase De Jong,PIT,RP,28,1.97,4.38,4.96,92.9,-0.2
Chris Martin,- - -,RP,36,14.8,1.87,2.01,95.2,1.6
Chris Stratton,- - -,RP,31,2.4,3.76,3.93,92.9,0.7
Cionel Perez,BAL,RP,26,2.62,3.48,3.56,96.9,1
Clay Holmes,NYY,RP,29,3.25,2.28,2.9,97.1,1.1
Colin Poche,TBR,RP,28,2.91,3.49,4.05,93.3,-0.2
Collin McHugh,ATL,RP,35,5.36,2.78,3.24,91.3,1.4
Craig Kimbrel,LAD,RP,34,2.57,3.44,4.04,95.8,0.9
Daniel Bard,COL,RP,37,2.76,3.17,3.3,98,1.8
David Bednar,PIT,RP,27,4.31,2.53,2.83,96.5,1.5
David Phelps,TOR,RP,35,2.06,3.98,4.23,93.3,0.8
David Robertson,- - -,RP,37,2.31,3.43,3.71,93.1,0.7
Dennis Santana,TEX,RP,26,1.96,4.04,4.21,96.9,0.6
Devin Williams,MIL,RP,27,3.2,2.43,2.36,94,2.2
Diego Castillo,SEA,RP,28,2.41,3.67,3.85,95.3,0.3
Dillon Tate,BAL,RP,28,3.75,3.09,3.4,94,0.5
Domingo Acevedo,OAK,RP,28,3.41,3.56,3.88,93,0
Duane Underwood Jr.,PIT,RP,27,2.24,3.76,3.93,95.5,0.9
Dylan Coleman,KCR,RP,25,1.92,4.04,4.38,97.6,0.4
Dylan Floro,MIA,RP,31,3.2,3.51,3.6,92.6,0.7
Dylan Lee,ATL,RP,27,5.9,2.64,3.1,92.2,1.1
Edwin Diaz,NYM,RP,28,6.56,1.11,1.04,99.1,3
Eli Morgan,CLE,RP,26,6.09,2.91,3.53,92.2,0.7
Emilio Pagan,MIN,RP,31,3.23,2.95,3.26,95.7,-0.1
Emmanuel Clase,CLE,RP,24,7.7,1.95,2.18,99.6,2.4
Enyel De Los Santos,CLE,RP,26,3.59,2.98,3.17,95.3,1
Erasmo Ramirez,WSN,RP,32,4.58,3.67,3.85,93.2,0.6
Erik Swanson,SEA,RP,28,6.9,2.15,2.68,93.7,1.7
Evan Phillips,LAD,RP,27,5.13,2.34,2.72,96.1,2.2
Felix Bautista,BAL,RP,27,3.83,2.49,2.77,99.2,1.4
Giovanny Gallegos,STL,RP,30,4.06,2.89,3.51,94.4,1.3
Gregory Soto,DET,RP,27,1.76,4.21,4.59,98.4,0.6
Griffin Jax,MIN,RP,27,3.9,2.98,3.32,95.5,0.9
Hector Neris,HOU,RP,33,4.65,2.7,3.29,94.4,1.6
Hirokazu Sawamura,BOS,RP,34,1.48,4.56,4.51,96,0
Hoby Milner,MIL,RP,31,4.27,3.08,3.37,89,0.7
Hunter Strickland,CIN,RP,33,1.82,4.34,4.96,95,0
Ian Kennedy,ARI,RP,37,2,4.57,5.06,93.4,-0.9
Jackson Stephens,ATL,RP,28,2.24,3.81,3.91,94.2,0.4
Jaime Barria,LAA,RP,25,3.4,3.97,4.25,91.9,0.2
Jake Diekman,- - -,RP,35,1.88,3.93,4.33,95.6,-0.6
Jarlin Garcia,SFG,RP,29,3.11,3.78,4.25,93.9,-0.1
Jason Adam,TBR,RP,30,4.41,2.57,3.17,94.8,1.3
Jason Foley,DET,RP,26,3.91,3.36,3.56,96.3,0.8
Jesse Chavez,- - -,RP,38,3.7,3.13,3.23,91.1,0.7
Jhoan Duran,MIN,RP,24,5.56,1.96,2.11,100.9,1.5
Jimmy Herget,LAA,RP,28,4.07,3.27,3.54,90.6,1.5
Joe Jimenez,DET,RP,27,5.92,2.3,2.7,95.8,1.4
Joe Mantiply,ARI,RP,31,10.17,2.4,2.52,90.5,1.2
Joel Kuhnel,CIN,RP,27,4,3.19,3.52,96.1,0.3
Joel Payamps,- - -,RP,28,2.56,3.86,4.07,94.7,0.2
Joely Rodriguez,NYM,RP,30,2.19,3.54,3.46,92.8,0.4
Joey Krehbiel,BAL,RP,29,2.5,4.04,4.34,94.5,-0.3
John Brebbia,SFG,RP,32,2.76,4.06,4.51,94.4,0.6
John King,TEX,RP,27,2.14,3.4,3.66,92.4,0
John Schreiber,BOS,RP,28,3.89,2.71,3.01,94,1.7
Jordan Romano,TOR,RP,29,3.48,3.02,3.44,96.9,1.6
Jorge Lopez,- - -,RP,29,2.32,3.46,3.69,97.7,0.8
Jose Alvarado,PHI,RP,27,3.38,2.37,2.16,99.6,1.7
Jose Ruiz,CHW,RP,27,2.06,3.87,4.14,96.9,-0.1
Josh Hader,- - -,RP,28,3.86,2.38,2.94,97.5,0.8
Keegan Akin,BAL,RP,27,3.84,3.21,3.35,93.6,0.4
Kendall Graveman,CHW,RP,31,2.54,3.39,3.44,96.5,0.7
Kenley Jansen,ATL,RP,34,3.86,2.75,3.45,93.7,1.1
Kyle Finnegan,WSN,RP,30,3.18,3.16,3.22,97.1,0.6
Liam Hendriks,CHW,RP,33,5.31,2.14,2.64,97.6,1.6
Lou Trivino,- - -,RP,30,2.79,3.19,3.34,95.7,0.2
Lucas Luetge,NYY,RP,35,3.53,3.41,3.95,87.6,0.9
Luis Garcia,SDP,RP,35,4,2.85,3.11,98.7,1.6
Mark Leiter Jr.,CHC,RP,31,3.44,2.89,3.19,91.1,0.7
Mark Melancon,ARI,RP,37,1.67,4.62,4.63,91.2,0.1
Matt Bush,- - -,RP,36,4.25,2.72,3.27,97.3,0.1
Matt Moore,TEX,RP,33,2.18,3.69,3.87,94,1.3
Matthew Festa,SEA,RP,29,3.56,2.97,3.47,92.6,-0.1
Michael Fulmer,- - -,RP,29,2.18,4.01,4.45,94.4,0.7
Michael King,NYY,RP,27,4.13,2.44,2.42,95.9,1.7
Michael Rucker,CHC,RP,28,2.5,3.81,4.09,94.7,0
Mychal Givens,- - -,RP,32,2.84,3.27,3.65,93.5,0.2
Nabil Crismatt,SDP,RP,27,3.21,3.32,3.44,90.5,0.7
Nick Martinez,SDP,RP,31,3.43,3.42,3.73,94.1,0.4
Nick Nelson,PHI,RP,26,1.88,4.22,4.51,96.3,0.9
Noe Ramirez,ARI,RP,32,1.96,4.07,4.44,89.8,-0.6
Paul Sewald,SEA,RP,32,4.24,2.89,3.58,92.6,0.5
Penn Murfee,SEA,RP,28,4.35,2.97,3.56,89,0.6
Phil Bickford,LAD,RP,26,4.79,2.96,3.57,94.2,0.1
Phil Maton,HOU,RP,29,3.04,3.33,3.82,90.9,-0.1
Rafael Montero,HOU,RP,31,3.17,3.05,3.22,96.3,1.5
Raisel Iglesias,- - -,RP,32,5.57,2.46,2.99,95,1.6
Reynaldo Lopez,CHW,RP,28,5.45,3.08,3.35,97.1,1.9
Robert Stephenson,- - -,RP,29,3.93,3.64,4.11,96.9,0.2
Rowan Wick,CHC,RP,29,2.38,3.68,3.7,94.9,0
Ryan Brasier,BOS,RP,34,4.92,3.12,3.49,96,0.5
Ryan Helsley,STL,RP,27,4.7,2.02,2.6,99.7,2
Ryan Tepera,LAA,RP,34,2.35,4,4.25,92.7,0.1
Ryne Stanek,HOU,RP,30,2,3.85,3.95,98.4,0.9
Sam Hentges,CLE,RP,25,3.79,2.51,2.67,95.8,1.1
Scott Barlow,KCR,RP,29,3.5,3.1,3.42,93.7,0.9
Scott Effross,- - -,RP,28,4.13,2.88,3.1,90.6,1.3
Seranthony Dominguez,PHI,RP,27,2.77,3.15,3.26,98,1
Seth Lugo,NYM,RP,32,3.83,3.14,3.51,94.5,0.2
Shawn Armstrong,- - -,RP,31,3.75,3.19,3.56,95.6,0.4
Steve Cishek,WSN,RP,36,2.74,3.45,4.16,89.6,-0.3
Steven Okert,MIA,RP,30,2.42,3.5,4.14,93.7,-0.1
Steven Wilson,SDP,RP,27,2.55,4.05,4.73,95.1,0.2
Tanner Banks,CHW,RP,30,2.72,3.55,3.6,92.9,0.3
Tanner Scott,MIA,RP,27,1.96,3.74,3.53,96.9,0.4
Taylor Rogers,- - -,RP,31,4.42,2.64,3.26,94.3,1
Trevor Richards,TOR,RP,29,2.21,3.66,4.14,93.5,0
Trevor Stephan,CLE,RP,26,4.56,2.55,2.81,96.6,1.7
Trevor Williams,NYM,RP,30,3.67,3.21,3.61,91.1,0.7
Tyler Rogers,SFG,RP,31,2.13,3.93,4.12,83.3,0.6
Wandy Peralta,NYY,RP,30,2.76,3.51,3.61,95.5,1
Wil Crowe,PIT,RP,27,1.76,4.22,4.32,94.7,0
Will Smith,- - -,RP,32,2.6,3.64,4.14,92.2,-0.1
Will Vest,DET,RP,27,3.05,3.29,3.36,95.2,0.6
Yimi Garcia,TOR,RP,31,3.63,3.43,4.09,94.7,0.9